"FOXA","Twenty-First Century Fox, Inc.","26.32","NASDAQ100"
"FOX","Twenty-First Century Fox, Inc.","26.67","NASDAQ100"
"ATVI","Activision Blizzard, Inc","29.21","NASDAQ100"
"ADBE","Adobe Systems Incorporated","78.46","NASDAQ100"
"AKAM","Akamai Technologies, Inc.","74.58","NASDAQ100"
"ALXN","Alexion Pharmaceuticals, Inc.","168.8","NASDAQ100"
"ALTR","Altera Corporation","50.44","NASDAQ100"
"AMZN","Amazon.com, Inc.","521.38","NASDAQ100"
"AAL","American Airlines Group, Inc.","42.29","NASDAQ100"
"AMGN","Amgen Inc.","151","NASDAQ100"
"ADI","Analog Devices, Inc.","57.56","NASDAQ100"
"AAPL","Apple Inc.","115.31","DOW","NASDAQ100"
"AMAT","Applied Materials, Inc.","15.6","NASDAQ100"
"ADSK","Autodesk, Inc.","46.15","NASDAQ100"
"ADP","Automatic Data Processing, Inc.","77.76","NASDAQ100"
"AVGO","Avago Technologies Limited","131.19","NASDAQ100"
"BIDU","Baidu, Inc.","141.27","NASDAQ100"
"BBBY","Bed Bath & Beyond Inc.","61.14","NASDAQ100"
"BIIB","Biogen Inc.","316.23","NASDAQ100"
"BMRN","BioMarin Pharmaceutical Inc.","131.49","NASDAQ100"
"BRCM","Broadcom Corporation","53.24","NASDAQ100"
"CHRW","C.H. Robinson Worldwide, Inc.","68.6","NASDAQ100"
"CA","CA Inc.","27.74","NASDAQ100"
"CELG","Celgene Corporation","122.21","NASDAQ100"
"CERN","Cerner Corporation","61.75","NASDAQ100"
"CHTR","Charter Communications, Inc.","184.57","NASDAQ100"
"CHKP","Check Point Software Technologies Ltd.","78.66","NASDAQ100"
"CSCO","Cisco Systems, Inc.","25.7","DOW","NASDAQ100"
"CTXS","Citrix Systems, Inc.","70.7","NASDAQ100"
"CTSH","Cognizant Technology Solutions Corporation","62.08","NASDAQ100"
"CMCSK","Comcast Corporation","57.02","NASDAQ100"
"CMCSA","Comcast Corporation","56.25","NASDAQ100"
"COST","Costco Wholesale Corporation","141.15","NASDAQ100"
"DISCA","Discovery Communications, Inc.","26.57","NASDAQ100"
"DISCK","Discovery Communications, Inc.","24.82","NASDAQ100"
"DISH","DISH Network Corporation","57.83","NASDAQ100"
"DLTR","Dollar Tree, Inc.","65.34","NASDAQ100"
"EBAY","eBay Inc.","25.75","NASDAQ100"
"EA","Electronic Arts Inc.","68.35","NASDAQ100"
"EXPD","Expeditors International of Washington, Inc.","48.74","NASDAQ100"
"ESRX","Express Scripts Holding Company","84.14","NASDAQ100"
"FB","Facebook, Inc.","92.31","NASDAQ100"
"FAST","Fastenal Company","38.21","NASDAQ100"
"FISV","Fiserv, Inc.","85.21","NASDAQ100"
"GRMN","Garmin Ltd.","35.81","NASDAQ100"
"GILD","Gilead Sciences, Inc.","109.35","NASDAQ100"
"GOOGL","Google Inc.","652.47","NASDAQ100"
"GOOG","Google Inc.","623.24","NASDAQ100"
"HSIC","Henry Schein, Inc.","135.49","NASDAQ100"
"ILMN","Illumina, Inc.","206.02","NASDAQ100"
"INTC","Intel Corporation","29.39","DOW","NASDAQ100"
"INTU","Intuit Inc.","88.82","NASDAQ100"
"ISRG","Intuitive Surgical, Inc.","510.58","NASDAQ100"
"JD","JD.com, Inc.","24.21","NASDAQ100"
"KLAC","KLA-Tencor Corporation","52.18","NASDAQ100"
"GMCR","Keurig Green Mountain, Inc.","59.35","NASDAQ100"
"KHC","The Kraft Heinz Company","74.55","NASDAQ100"
"LRCX","Lam Research Corporation","72.5","NASDAQ100"
"LBTYA","Liberty Global plc","46.84","NASDAQ100"
"LBTYK","Liberty Global plc","43.6","NASDAQ100"
"QVCA","Liberty Interactive Corporation","27.52","NASDAQ100"
"LILA","Liberty Global plc","36.6","NASDAQ100"
"LMCK","Liberty Media Corporation","36.15","NASDAQ100"
"LMCA","Liberty Media Corporation","37.45","NASDAQ100"
"LVNTA","Liberty Interactive Corporation","40.49","NASDAQ100"
"LLTC","Linear Technology Corporation","40.59","NASDAQ100"
"MAR","Marriott International","72.99","NASDAQ100"
"MAT","Mattel, Inc.","22.72","NASDAQ100"
"MU","Micron Technology, Inc.","16.7","NASDAQ100"
"MSFT","Microsoft Corporation","43.04","DOW","NASDAQ100"
"MDLZ","Mondelez International, Inc.","42.28","NASDAQ100"
"MNST","Monster Beverage Corporation","132.16","NASDAQ100"
"MYL","Mylan N.V.","49.06","NASDAQ100"
"NTAP","NetApp, Inc.","31.14","NASDAQ100"
"NFLX","Netflix, Inc.","95.69","NASDAQ100"
"NVDA","NVIDIA Corporation","22.69","NASDAQ100"
"NXPI","NXP Semiconductors N.V.","90.26","NASDAQ100"
"ORLY","O&#39;Reilly Automotive, Inc.","244.27","NASDAQ100"
"PCAR","PACCAR Inc.","57.06","NASDAQ100"
"PAYX","Paychex, Inc.","45.31","NASDAQ100"
"QCOM","QUALCOMM Incorporated","54.31","NASDAQ100"
"REGN","Regeneron Pharmaceuticals, Inc.","531.4","NASDAQ100"
"ROST","Ross Stores, Inc.","49.46","NASDAQ100"
"SNDK","SanDisk Corporation","55.33","NASDAQ100"
"SBAC","SBA Communications Corporation","111.99","NASDAQ100"
"STX","Seagate Technology.","48.33","NASDAQ100"
"SIRI","Sirius XM Holdings Inc.","3.83","NASDAQ100"
"SWKS","Skyworks Solutions, Inc.","89.5","NASDAQ100"
"SPLS","Staples, Inc.","13.73","NASDAQ100"
"SBUX","Starbucks Corporation","56.29","NASDAQ100"
"SRCL","Stericycle, Inc.","137.06","NASDAQ100"
"SYMC","Symantec Corporation","19.81","NASDAQ100"
"TSLA","Tesla Motors, Inc.","253.19","NASDAQ100"
"TXN","Texas Instruments Incorporated","47.83","NASDAQ100"
"PCLN","The Priceline Group Inc. ","1286.83","NASDAQ100"
"TSCO","Tractor Supply Company","86.11","NASDAQ100"
"TRIP","TripAdvisor, Inc.","67.79","NASDAQ100"
"VRSK","Verisk Analytics, Inc.","73.17","NASDAQ100"
"VRTX","Vertex Pharmaceuticals Incorporated","134.85","NASDAQ100"
"VIAB","Viacom Inc.","43.81","NASDAQ100"
"VIP","VimpelCom Ltd.","4.66","NASDAQ100"
"VOD","Vodafone Group Plc","34.29","NASDAQ100"
"WBA","Walgreens Boots Alliance, Inc.","90.17","NASDAQ100"
"WDC","Western Digital Corporation","80.64","NASDAQ100"
"WFM","Whole Foods Market, Inc.","32","NASDAQ100"
"WYNN","Wynn Resorts, Limited","68.47","NASDAQ100"
"XLNX","Xilinx, Inc.","42.83","NASDAQ100"
"YHOO","Yahoo! Inc.","30.32","NASDAQ100"
"BA","Boeing Company (The)","134.43","DOW"
"CAT","Caterpillar, Inc.","72.77","DOW"
"CVX","Chevron Corporation","75.77","DOW"
"KO","Coca-Cola Company (The)","38.1","DOW"
"DD","E.I. du Pont de Nemours and Company","47.98","DOW"
"XOM","Exxon Mobil Corporation","72.49","DOW"
"GE","General Electric Company","24.77","DOW"
"HD","Home Depot, Inc. (The)","114.73","DOW"
"MCD","McDonald&#39;s Corporation","96.97","DOW"
"NKE","Nike, Inc.","111.89","DOW"
"PG","Procter & Gamble Company (The)","68.06","DOW"
"UTX","United Technologies Corporation","91.83","DOW"
"VZ","Verizon Communications Inc.","45.65","DOW"
"V","Visa Inc.","70.01","DOW"
"WMT","Wal-Mart Stores, Inc.","64.28","DOW"
"DIS","Walt Disney Company (The)","103.82","DOW"
"CLGX","CoreLogic, Inc.","37.85","TECHNOLOGY"
"GLOB","Globant S.A.","29.88","TECHNOLOGY"
"RLGY","Realogy Holdings Corp.","40.22","FINANCE"
"CBR","Ciber, Inc.","3.16","TECHNOLOGY"
"NNI","Nelnet, Inc.","36.67","FINANCE"
"PFS","Provident Financial Services, Inc","19.32","FINANCE"
"LUV","Southwest Airlines Company","38.87","TRANSPORTATION"
"ARL","American Realty Investors, Inc.","7.4499","FINANCE"
"WTM","White Mountains Insurance Group, Ltd.","765.72","FINANCE"
"HRC","Hill-Rom Holdings Inc","52.77","HEALTH CARE"
"RBS^G","Royal Bank Scotland plc (The)","24.93","FINANCE"
"SFN","Stifel Financial Corporation","25.71","FINANCE"
"VLRS","Controladora Vuela Compania de Aviacion, S.A.B. de C.V.","14.88","TRANSPORTATION"
"MN","Manning & Napier, Inc.","7.42","FINANCE"
"EVTC","Evertec, Inc.","18.14","TECHNOLOGY"
"LCI","Lannett Co Inc","55.8","HEALTH CARE"
"EJ","E-House (China) Holdings Limited","5.71","FINANCE"
"STL","Sterling Bancorp","14.51","FINANCE"
"CSX","CSX Corporation","28.39","TRANSPORTATION"
"FCB","FCB Financial Holdings, Inc.","33.74","FINANCE"
"THG","The Hanover Insurance Group, Inc.","80.82","FINANCE"
"FVE","Five Star Quality Care, Inc.","2.99","HEALTH CARE"
"MX","MagnaChip Semiconductor Corporation","8.69","TECHNOLOGY"
"FSB","Franklin Financial Network, Inc.","22.5","FINANCE"
"JLL","Jones Lang LaSalle Incorporated","146.2","FINANCE"
"LLL","L-3 Communications Holdings, Inc.","105.84","TECHNOLOGY"
"RXN","Rexnord Corporation","18.99","TECHNOLOGY"
"CACI","CACI International, Inc.","76.55","TECHNOLOGY"
"ALEX","Alexander & Baldwin Holdings, Inc.","34.96","FINANCE"
"RHT","Red Hat, Inc.","69.79","TECHNOLOGY"
"OPK","Opko Health Inc","10.03","HEALTH CARE"
"SLH","Solera Holdings, Inc.","53.66","TECHNOLOGY"
"ABT","Abbott Laboratories","43.17","HEALTH CARE"
"CB","Chubb Corporation (The)","120.37","FINANCE"
"ASGN","On Assignment, Inc.","35.69","TECHNOLOGY"
"BRS","Bristow Group Inc","28.48","TRANSPORTATION"
"EXH","Exterran Holdings, Inc.","21.3","TECHNOLOGY"
"PBH","Prestige Brand Holdings, Inc.","45.69","HEALTH CARE"
"ALR","Alere Inc.","52.68","HEALTH CARE"
"SAP","SAP SE","65.8","TECHNOLOGY"
"MDT","Medtronic plc","68.73","HEALTH CARE"
"KEY","KeyCorp","13.6","FINANCE"
"PFG","Principal Financial Group Inc","47.8","FINANCE"
"ATE","Advantest Corporation (Kabushiki Kaisha Advantest) ADS","7.66","TECHNOLOGY"
"MD","Mednax, Inc","81.41","HEALTH CARE"
"JMPC","JMP Group LLC","25.72","FINANCE"
"BAC","Bank of America Corporation","15.96","FINANCE"
"ASC","Ardmore Shipping Corporation","11.63","TRANSPORTATION"
"SCHW","The Charles Schwab Corporation","30.23","FINANCE"
"MSA","MSA Safety Incorporporated","43.2","HEALTH CARE"
"AMG","Affiliated Managers Group, Inc.","174.64","FINANCE"
"AHS","AMN Healthcare Services Inc","34.98","TECHNOLOGY"
"BSMX","Grupo Financiero Santander Mexico S.A. B. de C.V.","7.5","FINANCE"
"CM","Canadian Imperial Bank of Commerce","70.59","FINANCE"
"WF","Woori Bank","23.81","FINANCE"
"GBL","Gamco Investors, Inc.","55.02","FINANCE"
"SFUN","SouFun Holdings Limited","5.46","TECHNOLOGY"
"WAL","Western Alliance Bancorporation","31.48","FINANCE"
"SHOP","Shopify Inc.","27.21","TECHNOLOGY"
"MNK","Mallinckrodt plc","81.69","HEALTH CARE"
"PBYI","Puma Biotechnology Inc","102.22","HEALTH CARE"
"PB","Prosperity Bancshares, Inc.","50.31","FINANCE"
"HGR","Hanger, Inc.","16.49","HEALTH CARE"
"IMPR","Imprivata, Inc.","19.61","TECHNOLOGY"
"RBS^E","Royal Bank Scotland plc (The)","24.81","FINANCE"
"RLI","RLI Corp.","54.18","FINANCE"
"TRUP","Trupanion, Inc.","8.01","HEALTH CARE"
"UE","Urban Edge Properties","20.6","FINANCE"
"MXL","MaxLinear, Inc","10.28","TECHNOLOGY"
"AVAL","Grupo Aval Acciones y Valores S.A.","7.96","FINANCE"
"XL","XL Group plc","37.02","FINANCE"
"AFA","American Financial Group, Inc.","25.07","FINANCE"
"AGN","Allergan plc.","295.96","HEALTH CARE"
"CUBI","Customers Bancorp, Inc","25.32","FINANCE"
"SMI","Semiconductor  Manufacturing International Corporation","4.42","TECHNOLOGY"
"GEN           ","Genesis Healthcare, Inc.","6.91","HEALTH CARE"
"SQNS","Sequans Communications S.A.","1.16","TECHNOLOGY"
"AEB","Aegon NV","24.1","FINANCE"
"RKUS","Ruckus Wireless, Inc.","11.23","TECHNOLOGY"
"CVB","Lehman ABS Corporation","10.62","FINANCE"
"AB","Allianceberstein Holding L.P.","26.84","FINANCE"
"HNT","Health Net Inc.","65.37","HEALTH CARE"
"GSK","GlaxoSmithKline PLC","39.78","HEALTH CARE"
"PFX","Phoenix Companies, Inc. (The)","18.1","FINANCE"
"GJS","SYNTHETIC FIXED INCOME SECURITIES INC","18.4946","FINANCE"
"SSWN","Seaspan Corporation","25","TRANSPORTATION"
"MHNA","Maiden Holdings, Ltd.","25.9","FINANCE"
"IMPV","Imperva, Inc.","66.58","TECHNOLOGY"
"STV","China Digital TV Holding Co., Ltd.","2.25","TECHNOLOGY"
"MGR","Affiliated Managers Group, Inc.","26.11","FINANCE"
"INXN","InterXion Holding N.V.","27.31","TECHNOLOGY"
"AVOL","Avolon Holdings Limited","30.21","TECHNOLOGY"
"CRL","Charles River Laboratories International, Inc.","70.56","HEALTH CARE"
"L","Loews Corporation","36.1","FINANCE"
"WDR","Waddell & Reed Financial, Inc.","37.01","FINANCE"
"ATEN","A10 Networks, Inc.","6.51","TECHNOLOGY"
"TEU","Box Ships Inc.","0.62","TRANSPORTATION"
"MMM","3M Company","140.81","HEALTH CARE","DOW"
"IMS","IMS Health Holdings, Inc.","30.77","TECHNOLOGY"
"FDS","FactSet Research Systems Inc.","165.17","TECHNOLOGY"
"DAL","Delta Air Lines, Inc.","46.89","TRANSPORTATION"
"RAD","Rite Aid Corporation","8.46","HEALTH CARE"
"ANTX","Anthem, Inc.","49.44","HEALTH CARE"
"WUBA","58.com Inc.","40.59","TECHNOLOGY"
"GHL","Greenhill & Co., Inc.","32.68","FINANCE"
"EXAR","Exar Corporation","5.92","TECHNOLOGY"
"AED","Aegon NV","25.42","FINANCE"
"CUDA","Barracuda Networks, Inc.","27.6","TECHNOLOGY"
"BSX","Boston Scientific Corporation","16.73","HEALTH CARE"
"RSE","Rouse Properties, Inc.","15.34","FINANCE"
"C^N","Citigroup Inc.","25.53","FINANCE"
"BX","The Blackstone Group L.P.","34.01","FINANCE"
"VMEM","Violin Memory, Inc.","1.87","TECHNOLOGY"
"RRTS","Roadrunner Transportation Systems, Inc","20.69","TRANSPORTATION"
"RDY","Dr. Reddy&#39;s Laboratories Ltd","60.89","HEALTH CARE"
"CFR","Cullen/Frost Bankers, Inc.","62.33","FINANCE"
"ZTS","Zoetis Inc.","44.47","HEALTH CARE"
"ACE","Ace Limited","100.21","FINANCE"
"LXFT","Luxoft Holding, Inc.","65.03","TECHNOLOGY"
"NM","Navios Maritime Holdings Inc.","2.6","TRANSPORTATION"
"FRO","Frontline Ltd.","2.6","TRANSPORTATION"
"HUBS","HubSpot, Inc.","47.35","TECHNOLOGY"
"DGX","Quest Diagnostics Incorporated","66.08","HEALTH CARE"
"FIT","Fitbit, Inc.","32","TECHNOLOGY"
"HCC","HCC Insurance Holdings, Inc.","77.7","FINANCE"
"DSX","Diana Shipping inc.","6.08","TRANSPORTATION"
"ENH","Endurance Specialty Holdings Ltd","62.18","FINANCE"
"BHE","Benchmark Electronics, Inc.","21.15","TECHNOLOGY"
"NMBL","Nimble Storage, Inc.","25.55","TECHNOLOGY"
"JBT","John Bean Technologies Corporation","37.36","TECHNOLOGY"
"KND","Kindred Healthcare, Inc.","19.56","HEALTH CARE"
"VR","Validus Holdings, Ltd.","44.43","FINANCE"
"AYR","Aircastle Limited","20.61","TECHNOLOGY"
"PMC","Pharmerica Corporation","32.76","HEALTH CARE"
"LOCK","LifeLock, Inc.","9.2","TECHNOLOGY"
"HSBC","HSBC Holdings plc","38.79","FINANCE"
"MBI","MBIA, Inc.","6.91","FINANCE"
"URI","United Rentals, Inc.","67.63","TECHNOLOGY"
"FCF","First Commonwealth Financial Corporation","9.04","FINANCE"
"CPA","Copa Holdings, S.A.","45","TRANSPORTATION"
"STJ","St. Jude Medical, Inc.","68.46","HEALTH CARE"
"ABBV","AbbVie Inc.","58.94","HEALTH CARE"
"DMD","Demand Media Inc.","4.72","TECHNOLOGY"
"CHE","Chemed Corp.","140.31","HEALTH CARE"
"BBX","BBX Capital Corporation","16.05","FINANCE"
"DATA","Tableau Software, Inc.","94.39","TECHNOLOGY"
"AON","Aon plc","90.8","FINANCE"
"TMK","Torchmark Corporation","57.35","FINANCE"
"ALL","Allstate Corporation (The)","58.24","FINANCE"
"CPF","CPB Inc.","21.02","FINANCE"
"DFS","Discover Financial Services","52.39","FINANCE"
"LXK","Lexmark International, Inc.","28.97","TECHNOLOGY"
"PRO","PROS Holdings, Inc.","23.2","TECHNOLOGY"
"KCG","KCG Holdings, Inc.","11.08","FINANCE"
"ALK","Alaska Air Group, Inc.","80.74","TRANSPORTATION"
"HSEB","HSBC Holdings plc","25.5","FINANCE"
"BXS","BancorpSouth, Inc.","24.23","FINANCE"
"TRU","TransUnion","25.35","FINANCE"
"IND","ING Group, N.V.","25.65","FINANCE"
"BEN","Franklin Resources, Inc.","39.17","FINANCE"
"ABM","ABM Industries Incorporated","29.66","FINANCE"
"KFI","KKR Financial Holdings LLC","27.0586","FINANCE"
"PYT","PPlus Trust","20.02","FINANCE"
"INZ","ING Group, N.V.","25.65","FINANCE"
"HPP","Hudson Pacific Properties, Inc.","29.05","FINANCE"
"MSL","MidSouth Bancorp","12.68","FINANCE"
"NQ","NQ Mobile Inc.","3.44","TECHNOLOGY"
"PAC","Grupo Aeroportuario Del Pacifico, S.A. de C.V.","87.7","TRANSPORTATION"
"AVG","AVG Technologies N.V.","23.94","TECHNOLOGY"
"HCI","HCI Group, Inc.","38.33","FINANCE"
"GSJ","Goldman Sachs Group, Inc. (The)","26.56","FINANCE"
"LYG","Lloyds Banking Group Plc","4.68","FINANCE"
"EPAM","EPAM Systems, Inc.","73.53","TECHNOLOGY"
"TPRE","Third Point Reinsurance Ltd.","14.01","FINANCE"
"ROL","Rollins, Inc.","28.28","FINANCE"
"YOKU","Youku Tudou Inc.","16.07","TECHNOLOGY"
"MSI","Motorola Solutions, Inc.","66.84","TECHNOLOGY"
"ALLY","Ally Financial Inc.","20.85","FINANCE"
"DOV","Dover Corporation","59.98","TECHNOLOGY"
"BOX","Box, Inc.","12.77","TECHNOLOGY"
"AFGE","American Financial Group, Inc.","25.66","FINANCE"
"GKOS","Glaukos Corporation","30.9","HEALTH CARE"
"LC","LendingClub Corporation","12.9","FINANCE"
"DNB","Dun & Bradstreet Corporation (The)","104.82","FINANCE"
"NVTA","Invitae Corporation","10.99","HEALTH CARE"
"IBM","International Business Machines Corporation","145.65","TECHNOLOGY","DOW"
"ABC","AmerisourceBergen Corporation (Holding Co)","104.62","HEALTH CARE"
"MBLY","Mobileye N.V.","47.3","TECHNOLOGY"
"LNC","Lincoln National Corporation","49.55","FINANCE"
"SLF","Sun Life Financial Inc.","32.13","FINANCE"
"HLF","Herbalife LTD.","56.27","HEALTH CARE"
"TWTR","Twitter, Inc.","26.9","TECHNOLOGY"
"CIA","Citizens, Inc.","6.49","FINANCE"
"BLOX","Infoblox Inc.","17.89","TECHNOLOGY"
"CNI","Canadian National Railway Company","55.19","TRANSPORTATION"
"EVRI","Everi Holdings Inc.","4.95","FINANCE"
"USB^A","U.S. Bancorp","798","FINANCE"
"HLS","HealthSouth Corporation","41.75","HEALTH CARE"
"ORI","Old Republic International Corporation","15.79","FINANCE"
"COF","Capital One Financial Corporation","75.76","FINANCE"
"AAN","Aaron&#39;s,  Inc.","38.75","TECHNOLOGY"
"SXI","Standex International Corporation","75.98","TECHNOLOGY"
"BBT","BB&T Corporation","36.56","FINANCE"
"USB","U.S. Bancorp","40.92","FINANCE"
"SNV","Synovus Financial Corp.","30.46","FINANCE"
"VOYA","Voya Financial, Inc.","42.56","FINANCE"
"GDDY","GoDaddy Inc.","25.21","TECHNOLOGY"
"EIG","Employers Holdings Inc","21.7","FINANCE"
"IX","Orix Corp Ads","65.83","FINANCE"
"EMC","EMC Corporation","24.35","TECHNOLOGY"
"MTB","M&T Bank Corporation","121.77","FINANCE"
"SYK","Stryker Corporation","98.76","HEALTH CARE"
"AF","Astoria Financial Corporation","16.39","FINANCE"
"GNK","Genco Shipping & Trading Limited Warrants Expiring 12/31/2021 ","4.89","TRANSPORTATION"
"EFC","Ellington Financial LLC","18.13","FINANCE"
"NMM","Navios Maritime Partners LP","8.48","TRANSPORTATION"
"BKFS","Black Knight Financial Services, Inc.","35.04","TECHNOLOGY"
"AER","Aercap Holdings N.V.","41.76","TECHNOLOGY"
"LEAF","Springleaf Holdings, Inc.","46.31","FINANCE"
"CAI","CAI International, Inc.","11.65","TECHNOLOGY"
"ANTM","Anthem, Inc.","145.87","HEALTH CARE"
"GMED","Globus Medical, Inc.","24.09","HEALTH CARE"
"ONDK","On Deck Capital, Inc.","10.2","FINANCE"
"WSH","Willis Group Holdings Limited","42.25","FINANCE"
"BMA","Macro Bank Inc.","46.26","FINANCE"
"GNRT","Gener8 Maritime, Inc.","11.99","TRANSPORTATION"
"ERA","Era Group, Inc.","15.61","TRANSPORTATION"
"HPQ","Hewlett-Packard Company","27.04","TECHNOLOGY"
"GSL","Global Ship Lease, Inc.","5.51","TRANSPORTATION"
"PANW","Palo Alto Networks, Inc.","179.54","TECHNOLOGY"
"GIMO","Gigamon Inc.","23.21","TECHNOLOGY"
"MKL","Markel Corporation","816.01","FINANCE"
"CRM","Salesforce.com Inc","69.89","TECHNOLOGY"
"IHS","IHS Inc.","116.08","TECHNOLOGY"
"BAP","Credicorp Ltd.","110.76","FINANCE"
"SYF","Synchrony Financial","31.17","FINANCE"
"HRTG","Heritage Insurance Holdings, Inc.","18.74","FINANCE"
"OCN","Ocwen Financial Corporation","8.14","FINANCE"
"NW^C","Natl Westminster Pfd","25.39","FINANCE"
"DCM","NTT DOCOMO, Inc","18.35","TECHNOLOGY"
"RY","Royal Bank Of Canada","54.72","FINANCE"
"IPHI","Inphi Corporation","24.38","TECHNOLOGY"
"FSL","Freescale Semiconductor, Ltd.","37.71","TECHNOLOGY"
"MCK","McKesson Corporation","196.61","HEALTH CARE"
"AV","Aviva plc","14.38","FINANCE"
"SLTB","Scorpio Bulkers Inc.","19","TRANSPORTATION"
"CGI","Celadon Group, Inc.","17.81","TRANSPORTATION"
"WK","Workiva Inc.","14.88","TECHNOLOGY"
"FXCM","FXCM Inc.","0.855","FINANCE"
"FBC","Flagstar Bancorp, Inc.","20.34","FINANCE"
"ASX","Advanced Semiconductor Engineering, Inc.","5.51","TECHNOLOGY"
"RMD","ResMed Inc.","50.95","HEALTH CARE"
"PRE","PartnerRe Ltd.","138.47","FINANCE"
"KSU^","Kansas City Southern","26.29","TRANSPORTATION"
"SYA","Symetra Financial Corporation","31.5","FINANCE"
"ISG","ING Group, N.V.","25.59","FINANCE"
"GWR","Genesee & Wyoming, Inc.","61.24","TRANSPORTATION"
"SRG","Seritage Growth Properties","41.55","FINANCE"
"RST","Rosetta Stone","6.96","TECHNOLOGY"
"KWN","Kennedy-Wilson Holdings Inc.","25.31","FINANCE"
"FAF","First American Corporation (The)","39.57","FINANCE"
"GHM","Graham Corporation","17.03","TECHNOLOGY"
"SB","Safe Bulkers, Inc","3.05","TRANSPORTATION"
"AGO","Assured Guaranty Ltd.","25.15","FINANCE"
"BGCA","BGC Partners, Inc.","26.66","FINANCE"
"MHFI","McGraw Hill Financial, Inc.","92.79","FINANCE"
"TDOC","Teladoc, Inc.","23.07","HEALTH CARE"
"MWR","Morgan Stanley","25.31","FINANCE"
"DTK","Deutsche Bank AG","27.29","FINANCE"
"MOH","Molina Healthcare Inc","80.08","HEALTH CARE"
"CKH","SEACOR Holdings, Inc.","59.76","TRANSPORTATION"
"OPY","Oppenheimer Holdings, Inc.","19.53","FINANCE"
"STC","Stewart Information Services Corporation","38.45","FINANCE"
"CUBS","Customers Bancorp, Inc","26.761","FINANCE"
"MIXT","MiX Telematics Limited","5.81","TECHNOLOGY"
"ORCL","Oracle Corporation","37.56","TECHNOLOGY"
"ESNT","Essent Group Ltd.","26.01","FINANCE"
"PYS","PPlus Trust","24.469","FINANCE"
"SFL","Ship Finance International Limited","15.75","TRANSPORTATION"
"LDOS","Leidos Holdings, Inc.","42.03","TECHNOLOGY"
"VRX","Valeant Pharmaceuticals International, Inc.","222.92","HEALTH CARE"
"PUK","Prudential Public Limited Company","42.83","FINANCE"
"HCJ","HCI Group, Inc.","25.831","FINANCE"
"PRH","Prudential Financial, Inc.","25.16","FINANCE"
"VEEV","Veeva Systems Inc.","25.61","TECHNOLOGY"
"KMPR","Kemper Corporation","36.04","FINANCE"
"QIHU","Qihoo 360 Technology Co. Ltd.","42.35","TECHNOLOGY"
"FAC","First Acceptance Corporation","2.85","FINANCE"
"STE","STERIS Corporation","64.07","HEALTH CARE"
"MDLY","Medley Management Inc.","8.14","FINANCE"
"MET","MetLife, Inc.","48.19","FINANCE"
"ZPIN","Zhaopin Limited","12.5","TECHNOLOGY"
"AFSD","Aflac Incorporated","25.12","FINANCE"
"BCH","Banco De Chile","64","FINANCE"
"RENN","Renren Inc.","2.8","TECHNOLOGY"
"CVT","CVENT, INC.","31.9","TECHNOLOGY"
"TK","Teekay Corporation","32.98","TRANSPORTATION"
"LLY","Eli Lilly and Company","81.89","HEALTH CARE"
"JMPB","JMP Group LLC","25.1732","FINANCE"
"MMC","Marsh & McLennan Companies, Inc.","53.96","FINANCE"
"BXLT","Baxalta Incorporated","37.35","HEALTH CARE"
"AHH","Armada Hoffler Properties, Inc.","9.92","FINANCE"
"GTY","Getty Realty Corporation","15.41","FINANCE"
"RUBI","The Rubicon Project, Inc.","14.16","TECHNOLOGY"
"CBG","CBRE Group, Inc.","32.29","FINANCE"
"CTLT","Catalent, Inc.","28.05","HEALTH CARE"
"BLX","Banco Latinoamericano de Comercio Exterior, S.A.","24.56","FINANCE"
"SNN","Smith & Nephew SNATS, Inc.","35.7","HEALTH CARE"
"AXP","American Express Company","75.14","FINANCE","DOW"
"STM","STMicroelectronics N.V.","6.92","TECHNOLOGY"
"SBNB","Scorpio Tankers Inc.","25.2001","TRANSPORTATION"
"PNX","Phoenix Companies, Inc. (The)","14.34","FINANCE"
"WX","Wuxi Pharmatech (Cayman) Inc.","42.7","HEALTH CARE"
"CYN","City National Corporation","87.51","FINANCE"
"PKE","Park Electrochemical Corporation","17.25","TECHNOLOGY"
"EW","Edwards Lifesciences Corporation","139","HEALTH CARE"
"AVV","Aviva plc","27.02","FINANCE"
"NOK","Nokia Corporation","6.62","TECHNOLOGY"
"CCG","Campus Crest Communities, Inc.","4.78","FINANCE"
"GEB","General Electric Company","25.16","FINANCE"
"GJT","Synthetic Fixed-Income Securities, Inc.","17.76","FINANCE"
"TSM","Taiwan Semiconductor Manufacturing Company Ltd.","20.04","TECHNOLOGY"
"RAX","Rackspace Hosting, Inc","30.58","TECHNOLOGY"
"NEWR","New Relic, Inc.","36.3","TECHNOLOGY"
"C^K","Citigroup Inc.","26.68","FINANCE"
"THC","Tenet Healthcare Corporation","47.09","HEALTH CARE"
"LEJU","Leju Holdings Limited","4.78","FINANCE"
"TNP","Tsakos Energy Navigation Ltd","7.73","TRANSPORTATION"
"AEG","Aegon NV","6","FINANCE"
"ASR","Grupo Aeroportuario del Sureste, S.A. de C.V.","149.26","TRANSPORTATION"
"BMY","Bristol-Myers Squibb Company","59.17","HEALTH CARE"
"QTWO","Q2 Holdings, Inc.","28.97","TECHNOLOGY"
"N","Netsuite Inc","87.52","TECHNOLOGY"
"SALT","Scorpio Bulkers Inc.","1.57","TRANSPORTATION"
"WAC","Walter Investment Management Corp.","16.4","FINANCE"
"JNS","Janus Capital Group, Inc","14.81","FINANCE"
"UAM","Universal American Corp.","7.58","HEALTH CARE"
"BITA","Bitauto Holdings Limited","24.66","TECHNOLOGY"
"MCRN","Milacron Holdings Corp.","20.25","TECHNOLOGY"
"MTU","Mitsubishi UFJ Financial Group Inc","6.23","FINANCE"
"UHS","Universal Health Services, Inc.","135.26","HEALTH CARE"
"CNW","Con-way Inc.","47.4","TRANSPORTATION"
"HSEA","HSBC Holdings plc","26.46","FINANCE"
"HIVE","Aerohive Networks, Inc.","5.96","TECHNOLOGY"
"CDI","CDI Corporation","8.83","TECHNOLOGY"
"BRO","Brown & Brown, Inc.","31.76","FINANCE"
"KSU","Kansas City Southern","92.57","TRANSPORTATION"
"WBS","Webster Financial Corporation","35.68","FINANCE"
"FGL","Fidelity and Guaranty Life","25.41","FINANCE"
"MFG","Mizuho Financial Group, Inc.","3.94","FINANCE"
"KCC","Lehman ABS Corporation","27.37","FINANCE"
"NVS","Novartis AG","95.62","HEALTH CARE"
"OOMA","Ooma, Inc.","8.72","TECHNOLOGY"
"MWW","Monster Worldwide, Inc.","6.84","TECHNOLOGY"
"ISF","ING Group, N.V.","25.33","FINANCE"
"ITG","Investment Technology Group, Inc.","12.71","FINANCE"
"BFR","BBVA Banco Frances S.A.","17","FINANCE"
"IVC","Invacare Corporation","15.05","HEALTH CARE"
"MER^E","Merrill Lynch & Co., Inc.","25.74","FINANCE"
"IMN","Imation Corporation","2.46","TECHNOLOGY"
"OFG^A","OFG Bancorp","19.6599","FINANCE"
"PIY","Merrill Lynch Depositor, Inc.","26.55","FINANCE"
"CLS","Celestica, Inc.","12.6","TECHNOLOGY"
"VLY","Valley National Bancorp","9.52","FINANCE"
"OB","OneBeacon Insurance Group, Ltd.","13.95","FINANCE"
"ING","ING Group, N.V.","14.8","FINANCE"
"JBR","Select Asset Inc.","16.54","FINANCE"
"AMP","AMERIPRISE FINANCIAL SERVICES, INC.","108.92","FINANCE"
"BCRH","Blue Capital Reinsurance Holdings Ltd.","16.66","FINANCE"
"APO","Apollo Global Management, LLC","18.67","FINANCE"
"RM","Regional Management Corp.","15.69","FINANCE"
"WCG","WellCare Health Plans, Inc.","96.12","HEALTH CARE"
"ISH","International Shipholding Corporation","4.43","TRANSPORTATION"
"MMI","Marcus & Millichap, Inc.","44.56","FINANCE"
"JMP","JMP Group LLC","6.56","FINANCE"
"KYO","Kyocera Corporation","48.16","TECHNOLOGY"
"NFJ","AllianzGI NFJ Dividend, Interest & Premium Strategy Fund","12.87","FINANCE"
"FDX","FedEx Corporation","150.23","TRANSPORTATION"
"BNS","Bank of Nova Scotia (The)","43.91","FINANCE"
"DHT","DHT Holdings, Inc.","7.42","TRANSPORTATION"
"RBS","Royal Bank Scotland plc (The)","10.04","FINANCE"
"MTG","MGIC Investment Corporation","10.18","FINANCE"
"IL","IntraLinks Holdings, Inc.","9.54","TECHNOLOGY"
"BOCA","Banc of California, Inc.","25.92","FINANCE"
"UNM","Unum Group","32.46","FINANCE"
"GSH","Guangshen Railway Company Limited","20.94","TRANSPORTATION"
"TNC","Tennant Company","55.01","TECHNOLOGY"
"TZF","Bear Stearns Depositor, Inc.","68.72","FINANCE"
"MRK","Merck & Company, Inc.","52.34","HEALTH CARE","DOW"
"MCY","Mercury General Corporation","50.53","FINANCE"
"PAYC","Paycom Software, Inc.","38.76","TECHNOLOGY"
"BHLB","Berkshire Hills Bancorp, Inc.","27.92","FINANCE"
"BCR","C.R. Bard, Inc.","191.4","HEALTH CARE"
"ECOM          ","ChannelAdvisor Corporation","10.79","TECHNOLOGY"
"FOR","Forestar Group Inc","12.3","FINANCE"
"CS","Credit Suisse Group","26.27","FINANCE"
"GOV","Government Properties Income Trust","15.6","FINANCE"
"CAH","Cardinal Health, Inc.","84.31","HEALTH CARE"
"WD","Walker & Dunlop, Inc.","23.7","FINANCE"
"AUO","AU Optronics Corp","3.34","TECHNOLOGY"
"HTH","Hilltop Holdings Inc.","20.41","FINANCE"
"HDB","HDFC Bank Limited","57.67","FINANCE"
"JNPR","Juniper Networks, Inc.","25.33","TECHNOLOGY"
"DKT","Deutsch Bk Contingent Cap Tr V","28.42","FINANCE"
"SF","Stifel Financial Corporation","45.22","FINANCE"
"AXS","Axis Capital Holdings Limited","53.84","FINANCE"
"USDP","USD Partners LP","9.28","TRANSPORTATION"
"TCB","TCF Financial Corporation","15.46","FINANCE"
"GJV","Synthetic Fixed-Income Securities, Inc.","25.54","FINANCE"
"OPWR","Opower, Inc.","9.37","TECHNOLOGY"
"KTN","Lehman ABS Corporation","30.75","FINANCE"
"MER^D","Merrill Lynch & Co., Inc.","25.73","FINANCE"
"CNO","CNO Financial Group, Inc.","17.92","FINANCE"
"IHC","Independence Holding Company","12.32","FINANCE"
"CP","Canadian Pacific Railway Limited","143.26","TRANSPORTATION"
"GTS","Triple-S Management Corporation","21","FINANCE"
"CIT","CIT Group Inc (DEL)","42.24","FINANCE"
"ZEN","Zendesk, Inc.","21.61","TECHNOLOGY"
"CBM","Cambrex Corporation","47.24","HEALTH CARE"
"WFC","Wells Fargo & Company","52.77","FINANCE"
"RCAP","RCS CAPITAL CORPORATION","1.5","FINANCE"
"FBP","First BanCorp.","3.81","FINANCE"
"GS","Goldman Sachs Group, Inc. (The)","183.94","FINANCE","DOW"
"MRIN","Marin Software Incorporated","3.85","TECHNOLOGY"
"UAL","United Continental Holdings, Inc.","57.45","TRANSPORTATION"
"TGH","Textainer Group Holdings Limited","17.25","TECHNOLOGY"
"FMD","First Marblehead Corporation (The)","3.455","FINANCE"
"BLW","Citigroup Inc.","14.42","FINANCE"
"UMC","United Microelectronics Corporation","1.76","TECHNOLOGY"
"SGM","Stonegate Mortgage Corporation","8.46","FINANCE"
"ITUB","Itau Unibanco Banco Holding SA","7.16","FINANCE"
"NSAM","NorthStar Asset Management Group, Inc.","16.57","FINANCE"
"AFG","American Financial Group, Inc.","69.36","FINANCE"
"DB","Deutsche Bank AG","29.14","FINANCE"
"BNK","C1 Financial, Inc.","18.47","FINANCE"
"CFG","Citizens Financial Group, Inc.","24.41","FINANCE"
"GZT","Gazit-Globe Ltd.","10.76","FINANCE"
"IBN","ICICI Bank Limited","8.4","FINANCE"
"ISP","ING Group, N.V.","25.53","FINANCE"
"WRB","W.R. Berkley Corporation","53.97","FINANCE"
"ZBH","Zimmer Biomet Holdings, Inc.","99.04","HEALTH CARE"
"HMN","Horace Mann Educators Corporation","33.18","FINANCE"
"MODN","Model N, Inc.","10.34","TECHNOLOGY"
"CMN","Cantel Medical Corp.","50.86","HEALTH CARE"
"KING","King Digital Entertainment plc","13.42","TECHNOLOGY"
"BOH","Bank of Hawaii Corporation","62.96","FINANCE"
"UPS","United Parcel Service, Inc.","97.01","TRANSPORTATION"
"SEM","Select Medical Holdings Corporation","12.18","HEALTH CARE"
"AHL","Aspen Insurance Holdings Limited","45.74","FINANCE"
"LH","Laboratory Corporation of America Holdings","118.29","HEALTH CARE"
"TXTR","Textura Corporation","26.19","TECHNOLOGY"
"XON","Intrexon Corporation","45.9","HEALTH CARE"
"AIW","Arlington Asset Investment Corp","22.8","FINANCE"
"PVTD","PrivateBancorp, Inc.","26.38","FINANCE"
"C","Citigroup Inc.","50.98","FINANCE"
"CSU","Capital Senior Living Corporation","21.28","HEALTH CARE"
"DVA","DaVita healthCare Partners Inc.","74.77","HEALTH CARE"
"PRA","ProAssurance Corporation","49.62","FINANCE"
"OZM","Och-Ziff Capital Management Group LLC","9.56","FINANCE"
"TFX","Teleflex Incorporated","136.28","HEALTH CARE"
"BCS","Barclays PLC","15.7","FINANCE"
"BAC^W","Bank of America Corporation","25.55","FINANCE"
"AI","Arlington Asset Investment Corp","15.86","FINANCE"
"NVO","Novo Nordisk A/S","55.97","HEALTH CARE"
"WDAY","Workday, Inc.","69.87","TECHNOLOGY"
"PGR","Progressive Corporation (The)","30.18","FINANCE"
"GJO","SYNTHETIC FIXED INCOME SECURITIES INC","19.9","FINANCE"
"EVER","EverBank Financial Corp.","20.08","FINANCE"
"EURN","Euronav NV","13.47","TRANSPORTATION"
"CSC","Computer Sciences Corporation","61.49","TECHNOLOGY"
"SC","Santander Consumer USA Holdings Inc.","21.77","FINANCE"
"GEH","General Electric Capital Corporation","25.15","FINANCE"
"SRT","StarTek, Inc.","3.5","TECHNOLOGY"
"ETN","Eaton Corporation, PLC","54.68","TECHNOLOGY"
"GYB","CABCO Series 2004-101 Trust","20.4","FINANCE"
"AEK","Aegon NV","27.52","FINANCE"
"CIVI","Civitas Solutions, Inc.","25.28","HEALTH CARE"
"DST","DST Systems, Inc.","106.6","TECHNOLOGY"
"RESI","Altisource Residential Corporation","15.99","FINANCE"
"HYH","Halyard Health, Inc.","33.18","HEALTH CARE"
"SWFT","Swift Transportation Company","19.44","TRANSPORTATION"
"BSAC","Banco Santander Chile","19.01","FINANCE"
"RGA","Reinsurance Group of America, Incorporated","91.12","FINANCE"
"LUX","Luxottica Group, S.p.A.","67.07","HEALTH CARE"
"VLY^A","Valley National Bancorp","25.44","FINANCE"
"BBVA","Banco Bilbao Viscaya Argentaria S.A.","8.78","FINANCE"
"OAK","Oaktree Capital Group, LLC","50.06","FINANCE"
"STT","State Street Corporation","71.3","FINANCE"
"CVS","CVS Health Corporation","100.16","HEALTH CARE"
"SGZA","Selective Insurance Group, Inc.","24.97","FINANCE"
"LM","Legg Mason, Inc.","42.15","FINANCE"
"ZNH","China Southern Airlines Company Limited","32.13","TRANSPORTATION"
"IVZ","Invesco Plc","32.66","FINANCE"
"GDOT","Green Dot Corporation","17.69","FINANCE"
"BMO","Bank Of Montreal","52.26","FINANCE"
"RDN","Radian Group Inc.","17.49","FINANCE"
"ANET","Arista Networks, Inc.","63.19","TECHNOLOGY"
"SPA","Sparton Corporation","21.77","TECHNOLOGY"
"SAN","Banco Santander, S.A.","5.64","FINANCE"
"SSW","Seaspan Corporation","16.4","TRANSPORTATION"
"THGA","The Hanover Insurance Group, Inc.","24.98","FINANCE"
"GJH","SYNTHETIC FIXED INCOME SECURITIES INC","9.5","FINANCE"
"CIB","BanColombia S.A.","34.31","FINANCE"
"JPM^H","J P Morgan Chase & Co","24.95","FINANCE"
"BSBR","Banco Santander Brasil SA","3.83","FINANCE"
"JBL","Jabil Circuit, Inc.","19.71","TECHNOLOGY"
"AIG","American International Group, Inc.","58","FINANCE"
"LFC","China Life Insurance Company Limited","17.14","FINANCE"
"RJD","Raymond James Financial, Inc.","26.16","FINANCE"
"MWO","Morgan Stanley","25.25","FINANCE"
"NPTN","NeoPhotonics Corporation","6.99","TECHNOLOGY"
"KAI","Kadant Inc","40.96","TECHNOLOGY"
"OMC","Omnicom Group Inc.","67.15","TECHNOLOGY"
"NSP","Insperity, Inc.","43.24","TECHNOLOGY"
"FLTX","Fleetmatics Group PLC","46.1","TECHNOLOGY"
"RBS^F","Royal Bank Scotland plc (The)","25.35","FINANCE"
"PJS","Preferred Plus Trust Ser QWS 2 Tr Ctf","26.3","FINANCE"
"AFW","American Financial Group, Inc.","25.89","FINANCE"
"HAE","Haemonetics Corporation","35.17","HEALTH CARE"
"IM","Ingram Micro Inc.","27.45","TECHNOLOGY"
"RF","Regions Financial Corporation","9.59","FINANCE"
"ENVA","Enova International, Inc.","11.51","FINANCE"
"GYC","Corporate Asset Backed Corp CABCO","22.1","FINANCE"
"DXB","Deutsche Bank AG","25.95","FINANCE"
"GNW","Genworth Financial Inc","5.01","FINANCE"
"HCA","HCA Holdings, Inc.","84.98","HEALTH CARE"
"COO","Cooper Companies, Inc. (The)","147.8","HEALTH CARE"
"Q","Quintiles Transitional Holdings Inc.","75.61","HEALTH CARE"
"WIT","Wipro Limited","11.71","TECHNOLOGY"
"AIZ","Assurant, Inc.","76.64","FINANCE"
"BBDO","Banco Bradesco Sa","6.98","FINANCE"
"CI","Cigna Corporation","139.34","HEALTH CARE"
"ASB","Associated Banc-Corp","18.28","FINANCE"
"AVH","Avianca Holdings S.A.","5.54","TRANSPORTATION"
"NUS","Nu Skin Enterprises, Inc.","42.88","HEALTH CARE"
"MM","Millennial Media, Inc.","1.74","TECHNOLOGY"
"LAZ","Lazard Ltd.","45.48","FINANCE"
"GI","EndoChoice Holdings, Inc.","16.1","HEALTH CARE"
"TDC","Teradata Corporation","29.39","TECHNOLOGY"
"BCO","Brink&#39;s Company (The)","27.21","TRANSPORTATION"
"MCO","Moody&#39;s Corporation","100.92","FINANCE"
"CSLT","Castlight Health, inc.","5.6","TECHNOLOGY"
"FNB","F.N.B. Corporation","12.8","FINANCE"
"AGM","Federal Agricultural Mortgage Corporation","26.5","FINANCE"
"PNR","Pentair plc.","53.49","TECHNOLOGY"
"PFSI","PennyMac Financial Services, Inc.","16.12","FINANCE"
"GCAP","GAIN Capital Holdings, Inc.","7.61","FINANCE"
"AWH","Allied World Assurance Company Holdings, AG","38.48","FINANCE"
"EVR","Evercore Partners Inc","51.91","FINANCE"
"JGW","J.G. Wentworth Company (The)","5.44","FINANCE"
"PRI","Primerica, Inc.","44.09","FINANCE"
"AZN","Astrazeneca PLC","33.17","HEALTH CARE"
"JNJ","Johnson & Johnson","93.32","HEALTH CARE","DOW"
"UNP","Union Pacific Corporation","85.73","TRANSPORTATION"
"RJF","Raymond James Financial, Inc.","51.84","FINANCE"
"PN","Patriot National, Inc.","16.17","FINANCE"
"PZN","Pzena Investment Management Inc","8.08","FINANCE"
"RE","Everest Re Group, Ltd.","177.16","FINANCE"
"MR","Mindray Medical International Limited","23.61","HEALTH CARE"
"NBG","National Bank of Greece SA","0.6859","FINANCE"
"MLP","Maui Land & Pineapple Company, Inc.","5.28","FINANCE"
"BCA","Corpbanca","14.1","FINANCE"
"PRU","Prudential Financial, Inc.","78.51","FINANCE"
"TSL","Trina Solar Limited","9.07","TECHNOLOGY"
"EVHC","Envision Healthcare Holdings, Inc.","42.34","HEALTH CARE"
"SNX","Synnex Corporation","83.98","TECHNOLOGY"
"VAC","Marriot Vacations Worldwide Corporation","71.14","FINANCE"
"TRV","The Travelers Companies, Inc.","99.28","FINANCE","DOW"
"KFH","KKR Financial Holdings LLC","26.98","FINANCE"
"SHG","Shinhan Financial Group Co Ltd","34.33","FINANCE"
"AJG","Arthur J. Gallagher & Co.","42.01","FINANCE"
"YGE","Yingli Green Energy Holding Company Limited","0.5555","TECHNOLOGY"
"GWRE","Guidewire Software, Inc.","51.78","TECHNOLOGY"
"EMG","Emergent Capital, Inc.","5.36","FINANCE"
"XKE","Lehman ABS Corporation","6.04","FINANCE"
"NMR","Nomura Holdings Inc ADR","6.11","FINANCE"
"RBS^I","Royal Bank Scotland plc (The)","25.2","FINANCE"
"AIC","Arlington Asset Investment Corp","22.6","FINANCE"
"RMAX","RE/MAX Holdings, Inc.","37.58","FINANCE"
"HGH","Hartford Financial Services Group, Inc. (The)","31.01","FINANCE"
"NVGS","Navigator Holdings Ltd.","14.98","TRANSPORTATION"
"CMCM","Cheetah Mobile Inc.","16.54","TECHNOLOGY"
"VMW","Vmware, Inc.","79.98","TECHNOLOGY"
"AEH","Aegon NV","25.24","FINANCE"
"CEA","China Eastern Airlines Corporation Ltd.","28.27","TRANSPORTATION"
"MSK","Morgan Stanley","25.62","FINANCE"
"CNC","Centene Corporation","63.2","HEALTH CARE"
"HLI","Houlihan Lokey, Inc.","21.28","FINANCE"
"COF^C","Capital One Financial Corporation","25.3232","FINANCE"
"KTH","Lehman ABS Corporation","31.3028","FINANCE"
"CNS","Cohn & Steers Inc","28.32","FINANCE"
"ICE","Intercontinental Exchange Inc.","233.55","FINANCE"
"YDKN","Yadkin Financial Corporation","21.43","FINANCE"
"HELI","CHC Group Ltd.","0.82","TRANSPORTATION"
"DAC","Danaos Corporation","6.11","TRANSPORTATION"
"MFC","Manulife Financial Corp","15.29","FINANCE"
"AET","Aetna Inc.","116.39","HEALTH CARE"
"NYCB","New York Community Bancorp, Inc.","17.94","FINANCE"
"CMRE","Costamare Inc.","14.33","TRANSPORTATION"
"MHNC","Maiden Holdings, Ltd.","26.96","FINANCE"
"TRNO","Terreno Realty Corporation","20.15","FINANCE"
"SNY","Sanofi","49.72","HEALTH CARE"
"IPG","Interpublic Group of Companies, Inc. (The)","19.8","TECHNOLOGY"
"INFY","Infosys Limited","17.68","TECHNOLOGY"
"JBN","Select Asset Inc.","16.73","FINANCE"
"STI","SunTrust Banks, Inc.","39.6","FINANCE"
"ENZ","Enzo Biochem, Inc.","2.99","HEALTH CARE"
"FIG","Fortress Investment Group LLC","5.33","FINANCE"
"BPY","Brookfield Property Partners L.P.","20.93","FINANCE"
"GWB","Great Western Bancorp, Inc.","25.38","FINANCE"
"GWRU","Genesee & Wyoming, Inc.","94.29","TRANSPORTATION"
"JBK","Lehman ABS Corporation","25.08","FINANCE"
"KW","Kennedy-Wilson Holdings Inc.","24.15","FINANCE"
"BANC","Banc of California, Inc.","12.58","FINANCE"
"XTLY","Xactly Corporation","7.12","TECHNOLOGY"
"FNF","Fidelity National Financial, Inc.","36.31","FINANCE"
"KFY","Korn/Ferry International","33.26","TECHNOLOGY"
"DQ","DAQO New Energy Corp.","14.8","TECHNOLOGY"
"FNFV","Fidelity National Financial, Inc.","14.07","FINANCE"
"DPLO","Diplomat Pharmacy, Inc.","39.77","HEALTH CARE"
"DDD","3D Systems Corporation","12.53","TECHNOLOGY"
"JPM","J P Morgan Chase & Co","62.38","FINANCE","DOW"
"ARES","Ares Management L.P.","17.39","FINANCE"
"TMH","Team Health Holdings, Inc.","59.82","TECHNOLOGY"
"GOL","Gol Linhas Aereas Inteligentes S.A.","1.12","TRANSPORTATION"
"TEVA","Teva Pharmaceutical Industries Limited","63.5","HEALTH CARE"
"Y","Alleghany Corporation","469.45","FINANCE"
"KTP","Lehman ABS Corporation","18.2899","FINANCE"
"INVN","InvenSense, Inc.","9.96","TECHNOLOGY"
"AMBR","Amber Road, Inc.","4.43","TECHNOLOGY"
"ATHM","Autohome Inc.","28.85","TECHNOLOGY"
"TAL","TAL International Group, Inc.","15.72","TECHNOLOGY"
"SBNA","Scorpio Tankers Inc.","23.15","TRANSPORTATION"
"NOW","ServiceNow, Inc.","73.56","TECHNOLOGY"
"PNC","PNC Financial Services Group, Inc. (The)","90.66","FINANCE"
"EFX","Equifax, Inc.","97.83","FINANCE"
"CMA","Comerica Incorporated","41.99","FINANCE"
"PFE","Pfizer, Inc.","32.71","HEALTH CARE","DOW"
"PJH","Prudential Financial, Inc.","25.24","FINANCE"
"KMPA","Kemper Corporation","26.1","FINANCE"
"HHS","Harte-Hanks, Inc.","3.67","TECHNOLOGY"
"RNG","Ringcentral, Inc.","18.28","TECHNOLOGY"
"SSTK","Shutterstock, Inc.","32.54","TECHNOLOGY"
"BBD","Banco Bradesco Sa","6.09","FINANCE"
"TYL","Tyler Technologies, Inc.","145.66","TECHNOLOGY"
"BLK","BlackRock, Inc.","301.06","FINANCE"
"FII","Federated Investors, Inc.","30.49","FINANCE"
"EXAM","ExamWorks Group, Inc.","31.51","HEALTH CARE"
"AFM","Affiliated Managers Group, Inc.","25.31","FINANCE"
"OMAM","OM Asset Management plc","16.22","FINANCE"
"STNG","Scorpio Tankers Inc.","9.16","TRANSPORTATION"
"TBI","TrueBlue, Inc.","24.77","TECHNOLOGY"
"NOAH","Noah Holdings Ltd.","20.84","FINANCE"
"USPH","U.S. Physical Therapy, Inc.","46.07","HEALTH CARE"
"KFS","Kingsway Financial Services, Inc.","4.79","FINANCE"
"NVRO","Nevro Corp.","45.73","HEALTH CARE"
"BAC^Y","Bank of America Corporation","25.59","FINANCE"
"BKD","Brookdale Senior Living Inc.","26.91","HEALTH CARE"
"DFT","Dupont Fabros Technology, Inc.","26.6","FINANCE"
"BKU","BankUnited, Inc.","36.45","FINANCE"
"LPG","Dorian LPG Ltd.","11.59","TRANSPORTATION"
"BK","Bank Of New York Mellon Corporation (The)","39.56","FINANCE"
"SSNI","Silver Spring Networks, Inc.","12.7","TECHNOLOGY"
"SAIC","SCIENCE APPLICATIONS INTERNATIONAL CORPORATION","41.49","TECHNOLOGY"
"RHI","Robert Half International Inc.","51.24","TECHNOLOGY"
"DSXN","Diana Shipping inc.","23.01","TRANSPORTATION"
"GSF","Goldman Sachs Group, Inc. (The)","25.3099","FINANCE"
"AL","Air Lease Corporation","31.45","TECHNOLOGY"
"NEFF","Neff Corporation","5.8","TECHNOLOGY"
"NBHC","National Bank Holdings Corporation","20.36","FINANCE"
"KKR","KKR & Co. L.P.","18.4","FINANCE"
"LFL","LATAM Airlines Group S.A.","5.32","TRANSPORTATION"
"NSM","Nationstar Mortgage Holdings Inc.","16.39","FINANCE"
"OMI","Owens & Minor, Inc.","33.89","HEALTH CARE"
"VAR","Varian Medical Systems, Inc.","78.92","HEALTH CARE"
"OFG","OFG Bancorp","9.02","FINANCE"
"FHN","First Horizon National Corporation","14.57","FINANCE"
"CBU","Community Bank System, Inc.","35.29","FINANCE"
"TD","Toronto Dominion Bank (The)","39.02","FINANCE"
"LNKD","LinkedIn Corporation","194.26","TECHNOLOGY"
"LADR","Ladder Capital Corp","15.6","FINANCE"
"QTM","Quantum Corporation","1.02","TECHNOLOGY"
"MAN","ManpowerGroup","86.9","TECHNOLOGY"
"MWG","Morgan Stanley","25.29","FINANCE"
"PFK","Prudential Financial, Inc.","25.74","FINANCE"
"APAM","Artisan Partners Asset Management Inc.","38.53","FINANCE"
"CO","China Cord Blood Corporation","6.33","FINANCE"
"UVE","UNIVERSAL INSURANCE HOLDINGS INC","27.27","FINANCE"
"SWI","Solarwinds, Inc.","40.93","TECHNOLOGY"
"PRGO","Perrigo Company","181.26","HEALTH CARE"
"PHH","PHH Corp","16.02","FINANCE"
"EV","Eaton Vance Corporation","34.23","FINANCE"
"MER^F","Merrill Lynch & Co., Inc.","25.82","FINANCE"
"BDX","Becton, Dickinson and Company","136.26","HEALTH CARE"
"AFSS","AmTrust Financial Services, Inc.","24.4699","FINANCE"
"CW","Curtiss-Wright Corporation","66.64","TECHNOLOGY"
"KNX","Knight Transportation, Inc.","27.24","TRANSPORTATION"
"CYH","Community Health Systems, Inc.","51.74","HEALTH CARE"
"JKS","JinkoSolar Holding Company Limited","22.08","TECHNOLOGY"
"AFL","Aflac Incorporated","57.8","FINANCE"
"CNA","CNA Financial Corporation","35.59","FINANCE"
"MS","Morgan Stanley","33.81","FINANCE"
"SFG","StanCorp Financial Group, Inc.","114.56","FINANCE"
"RZA","Reinsurance Group of America, Incorporated","27.68","FINANCE"
"CRY","CryoLife, Inc.","9.5","HEALTH CARE"
"NAO","Nordic American Offshore Ltd","6.26","TRANSPORTATION"
"JPM^A","J P Morgan Chase & Co","24.175","FINANCE"
"RLD","RealD Inc","10.27","TECHNOLOGY"
"EBS","Emergent Biosolutions, Inc.","32.42","HEALTH CARE"
"CCM","Concord Medical Services Holdings Limited","4.99","HEALTH CARE"
"PFH","CABCO Series 2004-101 Trust","18.53","FINANCE"
"SUNE","SunEdison, Inc.","10.6","TECHNOLOGY"
"NSC","Norfolk Souther Corporation","78.69","TRANSPORTATION"
"ZBK","Zions Bancorporation","27.79","FINANCE"
"CTS","CTS Corporation","18.41","TECHNOLOGY"
"NPD","China Nepstar Chain Drugstore Ltd","2.12","HEALTH CARE"
"TARO","Taro Pharmaceutical Industries Ltd.","142.41","HEALTH CARE"
"SMFG","Sumitomo Mitsui Financial Group Inc","7.86","FINANCE"
"FMS","Fresenius Medical Care Corporation","39.92","HEALTH CARE"
"ADPT","Adeptus Health Inc.","106.2","HEALTH CARE"
"TRC","Tejon Ranch Co","22.13","FINANCE"
"MC","Moelis & Company","26.68","FINANCE"
"AEL","American Equity Investment Life Holding Company","23.96","FINANCE"
"ITW","Illinois Tool Works Inc.","82.63","TECHNOLOGY"
"SFE","Safeguard Scientifics, Inc.","17.48","FINANCE"
"FFG","FBL Financial Group, Inc.","56.6","FINANCE"
"AMTD","TD Ameritrade Holding Corporation","33.52","FINANCE"
"HJV","MS Structured Asset Corp Saturns GE Cap Corp Series 2002-14","17.09","FINANCE"
"WBK","Westpac Banking Corporation","21.91","FINANCE"
"BAX","Baxter International Inc.","35.97","HEALTH CARE"
"CVG","Convergys Corporation","22.77","TECHNOLOGY"
"TFG","Goldman Sachs Group, Inc. (The)","26.65","FINANCE"
"ELLI","Ellie Mae, Inc.","74.2","TECHNOLOGY"
"ATU","Actuant Corporation","18.7","TECHNOLOGY"
"TRMR","Tremor Video, Inc.","2","TECHNOLOGY"
"DLB","Dolby Laboratories","31.41","TECHNOLOGY"
"YUME","YuMe, Inc.","2.82","TECHNOLOGY"
"SOL","Renesola Ltd.","1.2","TECHNOLOGY"
"WHG","Westwood Holdings Group Inc","53.37","FINANCE"
"DWRE","DEMANDWARE, INC.","54.04","TECHNOLOGY"
"RNR","RenaissanceRe Holdings Ltd.","105.16","FINANCE"
"KB","KB Financial Group Inc","29.38","FINANCE"
"HIG","Hartford Financial Services Group, Inc. (The)","45.56","FINANCE"
"HUM","Humana Inc.","187","HEALTH CARE"
"UIS","Unisys Corporation","13.08","TECHNOLOGY"
"UNH","UnitedHealth Group Incorporated","117.8","HEALTH CARE","DOW"
"GEK","General Electric Capital Corporation","25.06","FINANCE"
"MHNB","Maiden Holdings, Ltd.","26","FINANCE"
"NNA","Navios Maritime Acquisition Corporation","3.73","TRANSPORTATION"
"UBS","UBS AG","20.36","FINANCE"
"PJC","Piper Jaffray Companies","37.24","FINANCE"
"RBS^H","Royal Bank Scotland plc (The)","25.33","FINANCE"
